{"product":[{"id":"0.9471686215711801","qty":21}],"totalPrice":464.52000000000004}