{"product":[{"id":"0.7391966785957089","qty":5}],"totalPrice":333.84999999999997}